{"cameraMode":{"drawMode":0,"name":"Shaded","section":"Shading Mode"},"sceneLighting":false,"audioPlay":false,"sceneViewState":{"showFog":true,"showMaterialUpdate":true,"showSkybox":true,"showFlares":true,"showImageEffects":true,"showParticleSystems":true},"in2DMode":false,"pivot":{"x":0.4412555694580078,"y":0.6243864297866821,"z":-1.1922097206115723},"rotation":{"x":-0.10613598674535752,"y":-0.8487783074378967,"z":0.18620766699314118,"w":-0.48344388604164126},"size":2.8578836917877199,"orthographic":false}