{"cameraMode":{"drawMode":0,"name":"Shaded","section":"Shading Mode"},"sceneLighting":false,"audioPlay":false,"sceneViewState":{"showFog":true,"showMaterialUpdate":true,"showSkybox":false,"showFlares":true,"showImageEffects":true,"showParticleSystems":true},"in2DMode":false,"pivot":{"x":1.2459869384765626,"y":-0.1380000114440918,"z":2.5728940963745119},"rotation":{"x":-0.15097267925739289,"y":-0.776099681854248,"z":0.2028036266565323,"w":-0.5777259469032288},"size":12.32391357421875,"orthographic":false}