{"cameraMode":{"drawMode":0,"name":"Shaded","section":"Shading Mode"},"sceneLighting":true,"audioPlay":false,"sceneViewState":{"showFog":true,"showMaterialUpdate":true,"showSkybox":true,"showFlares":true,"showImageEffects":true,"showParticleSystems":true},"in2DMode":false,"pivot":{"x":-2.687197685241699,"y":0.1883472204208374,"z":0.9566911458969116},"rotation":{"x":-0.13574720919132234,"y":0.5399428606033325,"z":-0.0887424647808075,"w":-0.8259351253509522},"size":4.257386684417725,"orthographic":false}